{"cameraMode":{"drawMode":0,"name":"Shaded","section":"Shading Mode"},"sceneLighting":true,"audioPlay":false,"sceneViewState":{"m_AlwaysRefresh":false,"showFog":true,"showSkybox":true,"showFlares":true,"showImageEffects":true,"showParticleSystems":true,"showVisualEffectGraphs":true,"m_FxEnabled":true},"in2DMode":false,"pivot":{"x":0.14750519394874574,"y":-0.4805974066257477,"z":-2.208456039428711},"rotation":{"x":-0.0067771063186228279,"y":0.9777560830116272,"z":-0.20718470215797425,"w":-0.03198310732841492},"size":3.7620038986206056,"orthographic":false}